Tool,Category,True Positives,False Positives,False Negatives,Precision,Recall
Overall,Access Control,47,9,-28,0.8392857142857143,2.473684210526316
Overall,Arithmetic Issues,50,2,-28,0.9615384615384616,2.272727272727273
Overall,Bad Randomness,41,0,-10,1.0,1.3225806451612903
Overall,Denial of Service,13,0,-6,1.0,1.8571428571428572
Overall,Front-Running,9,0,-2,1.0,1.2857142857142858
Overall,Reentrancy,46,295,-38,0.1348973607038123,5.75
Overall,Short Address/Parameter Attack,3,0,-2,1.0,3.0
Overall,Time Manipulation,21,4,-16,0.84,4.2
Overall,Unchecked Return Values,25,373,-13,0.06281407035175879,2.0833333333333335
Overall,Unknown Unknowns,19,0,-16,1.0,6.333333333333333
Mythril,Access Control,35,6,-16,0.8536585365853658,1.8421052631578947
Mythril,Arithmetic Issues,30,2,-8,0.9375,1.3636363636363635
Mythril,Bad Randomness,26,0,5,1.0,0.8387096774193549
Mythril,Denial of Service,10,0,-3,1.0,1.4285714285714286
Mythril,Front-Running,7,0,0,1.0,1.0
Mythril,Reentrancy,33,253,-25,0.11538461538461539,4.125
Mythril,Short Address/Parameter Attack,2,0,-1,1.0,2.0
Mythril,Time Manipulation,12,2,-7,0.8571428571428571,2.4
Mythril,Unchecked Return Values,16,275,-4,0.054982817869415807,1.3333333333333333
Mythril,Unknown Unknowns,11,0,-8,1.0,3.6666666666666665
Mythril,Overall,182,538,-67,0.25277777777777777,1.5826086956521739
Slither,Access Control,12,3,7,0.8,0.631578947368421
Slither,Arithmetic Issues,20,0,2,1.0,0.9090909090909091
Slither,Bad Randomness,15,0,16,1.0,0.4838709677419355
Slither,Denial of Service,3,0,4,1.0,0.42857142857142855
Slither,Front-Running,2,0,5,1.0,0.2857142857142857
Slither,Reentrancy,13,42,-5,0.23636363636363636,1.625
Slither,Short Address/Parameter Attack,1,0,0,1.0,1.0
Slither,Time Manipulation,9,2,-4,0.8181818181818182,1.8
Slither,Unchecked Return Values,9,98,3,0.08411214953271028,0.75
Slither,Unknown Unknowns,8,0,-5,1.0,2.6666666666666665
Slither,Overall,92,145,23,0.3881856540084388,0.8
